{
  "project_info": {
    "project_number": "783392283297",
    "project_id": "erudite-ember-355521",
    "storage_bucket": "erudite-ember-355521.appspot.com"
  },
  "client": [
    {
      "client_info": {
        "mobilesdk_app_id": "1:783392283297:android:d526db132ef35ab9f9aee0",
        "android_client_info": {
          "package_name": "com.cmpt362.nearby"
        }
      },
      "oauth_client": [
        {
          "client_id": "783392283297-pi4h8aupll1cgculqngnsbek04vjsrpo.apps.googleusercontent.com",
          "client_type": 3
        }
      ],
      "api_key": [
        {
          "current_key": "AIzaSyDMv2V5kMgWQIno_svtuxhMiloxf7m9YME"
        }
      ],
      "services": {
        "appinvite_service": {
          "other_platform_oauth_client": [
            {
              "client_id": "783392283297-pi4h8aupll1cgculqngnsbek04vjsrpo.apps.googleusercontent.com",
              "client_type": 3
            }
          ]
        }
      }
    }
  ],
  "configuration_version": "1"
}